,Algorithm Name,Cold Start Miss avg,Cold Start Miss sd,Conflict Miss avg,Conflict Miss sd,Hit/Miss Ratio avg,Hit/Miss Ratio sd,Indices Coverage avg,Indices Coverage sd,Address Variety avg,Address Variety sd
0,rand,1.5,0.5001563232803553,3.5,1.500468969841066,0.15625,0.16243053068407876,1.03046875,0.4318482382000111,7.33859375,7.035404383845946
1,hitNmiss,1.5,0.5001563232803553,3.5,1.500468969841066,0.15625,0.16243053068407876,1.03046875,0.4318482382000111,7.33859375,7.035404383845946
2,boost,1.5,0.5001563232803553,3.5,1.500468969841066,0.15625,0.16243053068407876,1.03046875,0.4318482382000111,7.33859375,7.035404383845946
