,Algorithm Name,Cold Start Miss avg,Cold Start Miss sd,Conflict Miss avg,Conflict Miss sd,Hit/Miss Ratio avg,Hit/Miss Ratio sd,Indices Coverage avg,Indices Coverage sd,Address Variety avg,Address Variety sd
0,rand,2.0,0.0,2.75,2.16574040912105,0.21875,0.22323941161186237,1.030625,0.4317013877440156,7.318203125,7.016644274770112
1,hitNmiss,2.0,0.0,2.75,2.16574040912105,0.21875,0.22323941161186237,1.030625,0.4317013877440156,7.318203125,7.016644274770112
2,boost,2.0,0.0,2.75,2.16574040912105,0.21875,0.22323941161186237,1.030625,0.4317013877440156,7.318203125,7.016644274770112
