,Algorithm Name,Hits avg,Hits sd,Page Fault w/ evict avg,Page Fault w/ evict sd,Page Fault no evict avg,Page Fault no evict sd,Indices Coverage avg,Indices Coverage sd
0,vmBound,3.748125,0.43409887827333943,1.2037916666666666,1.178764261905918,3.0480833333333335,1.1256068515863948,0.7396944444444445,0.14800380030558585
