,Algorithm Name,Hits avg,Hits sd,Page Fault w/ evict avg,Page Fault w/ evict sd,Page Fault no evict avg,Page Fault no evict sd,Indices Coverage avg,Indices Coverage sd
0,vmBound,2.6757916666666666,0.4680880465945437,2.1160833333333335,1.389282217825901,3.208125,1.3218856954932467,0.8308506944444445,0.12278932914243801
