,Algorithm Name,Hits avg,Hits sd,Page Fault w/ evict avg,Page Fault w/ evict sd,Page Fault no evict avg,Page Fault no evict sd,Indices Coverage avg,Indices Coverage sd
0,vmBound,3.3497083333333335,0.515596895132703,1.5310416666666666,1.283136138475493,3.11925,1.2126447852967104,0.776203125,0.1414737550307622
