,Algorithm Name,Hits avg,Hits sd,Page Fault w/ evict avg,Page Fault w/ evict sd,Page Fault no evict avg,Page Fault no evict sd,Indices Coverage avg,Indices Coverage sd
0,vmBound,3.4969166666666665,0.5000009097593013,1.4099166666666667,1.250979695803997,3.093166666666667,1.1814728663033829,0.7631145833333334,0.14527137118873748
