,Algorithm Name,Hits avg,Hits sd,Page Fault w/ evict avg,Page Fault w/ evict sd,Page Fault no evict avg,Page Fault no evict sd,Indices Coverage avg,Indices Coverage sd
0,vmBound,4.001416666666667,0.498840350004727,1.0278333333333334,1.1121796219744375,2.97075,1.0693185123806837,0.7133680555555556,0.1557737093097849
