,Algorithm Name,Hits avg,Hits sd,Page Fault w/ evict avg,Page Fault w/ evict sd,Page Fault no evict avg,Page Fault no evict sd,Indices Coverage avg,Indices Coverage sd
0,vmBound,4.250583333333333,0.433357994449772,0.8578333333333333,1.0129567573594809,2.891583333333333,1.002432556009852,0.6881215277777777,0.16015839477857244
