,Algorithm Name,Hits avg,Hits sd,Page Fault w/ evict avg,Page Fault w/ evict sd,Page Fault no evict avg,Page Fault no evict sd,Indices Coverage avg,Indices Coverage sd
0,vmBound,4.874408888888889,1.5923624903042972,0.5310488888888889,1.1364499803224224,2.594542222222222,1.5249153689925137,0.8458762328042327,0.14379622590210508
