,Algorithm Name,Cold Start Miss avg,Cold Start Miss sd,Conflict Miss avg,Conflict Miss sd,Hit/Miss Ratio avg,Hit/Miss Ratio sd,Indices Coverage avg,Indices Coverage sd,Address Variety avg,Address Variety sd
0,rand,2.54625,0.8182477579381704,2.646875,1.7525973533021701,0.12609375,0.1542813758211449,0.8790625,0.1800712001319169,0.82234375,0.18243705115589653
1,hitNmiss,2.245,0.780452234961824,1.57875,1.295124233128631,0.353984375,0.16109474333001986,0.78828125,0.23455115071104388,0.619140625,0.16144950701126573
2,boost,1.5,0.5001563232803553,3.0,1.8714136015436371,0.25,0.25007816164017765,1.03046875,0.4318482382000111,7.33453125,7.0242368158078845
